district,block,households,job_cards_issued,person_days_fy25,female_literacy_pct_2021,female_literacy_pct_2025,shg_count
Satara,Karad,41820,18230,612400,60.2,66.1,1240
Satara,Wai,22410,10110,301250,58.7,63.9,702
Satara,Phaltan,35960,17420,558900,55.4,61.8,1015
Pune,Junnar,48210,19870,640120,62.8,67.5,1388
Pune,Bhor,19870,9430,288400,57.1,62.2,611
Pune,Indapur,44130,21560,702300,54.9,60.4,1197
Nashik,Igatpuri,27540,15120,498760,49.8,56.3,834
Nashik,Peint,16320,11040,402110,44.6,51.9,588
Nashik,Sinnar,38890,16350,521480,59.3,64.7,1093
Solapur,Mohol,31270,14880,469330,53.6,59.2,902
